"id","monitor","region_id","genotype","treatment","temp","sex","start_datetime","stop_datetime","sleep_fraction","sleep_fraction_all","sleep_time_all","sleep_fraction_l","sleep_time_l","sleep_fraction_d","sleep_time_d","sleep_fraction_ZT0_4","sleep_time_ZT0_4","sleep_fraction_ZT16_20","sleep_time_ZT16_20","sleep_fraction_ZT20_24","sleep_time_ZT20_24","Day1_latency","Day1_first_bout_length","Day1_latency_to_longest_bout","Day2_latency","Day2_first_bout_length","Day2_latency_to_longest_bout","n_bouts_L","mean_bout_length_L","n_bouts_D","mean_bout_length_D"
"2024-06-30 10:05:00|Monitor21.txt|02","M21",2,"CS","Iso_Vial",25,"M","2024-06-30 10:05:00","2024-07-02 10:20:00",0.701839639014231,0.701839639014231,1010.64908018049,0.745315752949341,536.627342123525,0.658333333333333,474,0.576763485477178,138.423236514523,0.788381742738589,189.211618257261,0.630705394190871,151.369294605809,3060,360,30180,660,780,13860,36.5,20.2739726027397,22.5,29.9777777777778
"2024-06-30 10:05:00|Monitor21.txt|03","M21",3,"CS","Iso_Vial",25,"M","2024-06-30 10:05:00","2024-07-02 10:20:00",0.604998264491496,0.604998264491496,871.197500867754,0.437890353920888,315.28105482304,0.772222222222222,556,0.195020746887967,46.804979253112,0.788381742738589,189.211618257261,0.684647302904564,164.315352697095,6540,360,9720,4860,300,36480,48.5,14.7010309278351,30,22.2333333333333
"2024-06-30 10:05:00|Monitor21.txt|04","M21",4,"CS","Iso_Vial",25,"M","2024-06-30 10:05:00","2024-07-02 10:20:00",0.734120097188476,0.734120097188476,1057.13293995141,0.696738376127689,501.651630811936,0.771527777777778,555.5,0.336099585062241,80.6639004149378,0.871369294605809,209.128630705394,0.904564315352697,217.095435684647,4620,360,20820,7260,840,19020,28,26.3035714285714,22,29.6363636363636
"2024-06-30 10:05:00|Monitor21.txt|05","M21",5,"CS","Iso_Vial",25,"M","2024-06-30 10:05:00","2024-07-02 10:20:00",0.786532454009025,0.786532454009025,1132.606733773,0.668979875086745,481.665510062457,0.904166666666667,651,0.323651452282158,77.6763485477179,0.900414937759336,216.099585062241,0.912863070539419,219.087136929461,1440,420,25980,6240,720,17760,34.5,21.2898550724638,11.5,59
"2024-06-30 10:05:00|Monitor21.txt|06","M21",6,"CS","Iso_Vial",25,"M","2024-06-30 10:05:00","2024-07-02 10:20:00",0.838250607427976,0.838250607427976,1207.08087469629,0.829285218598196,597.085357390701,0.847222222222222,610,0.551867219917012,132.448132780083,0.850622406639004,204.149377593361,0.91701244813278,220.082987551867,1380,360,16080,780,300,22560,34,21.4852941176471,15.5,43.7096774193548
"2024-06-30 10:05:00|Monitor21.txt|07","M21",7,"CS","Iso_Vial",25,"M","2024-06-30 10:05:00","2024-07-02 10:20:00",0.81673030197848,0.81673030197848,1176.09163484901,0.852185981956974,613.573907009022,0.78125,562.5,0.70954356846473,170.290456431535,0.87551867219917,210.124481327801,0.726141078838174,174.273858921162,1020,1260,20580,1740,300,10320,19,36.7631578947368,22.5,31.9777777777778
"2024-06-30 10:05:00|Monitor21.txt|09","M21",9,"CS","Iso_Vial",25,"M","2024-06-30 10:05:00","2024-07-02 10:20:00",0.840680319333565,0.840680319333565,1210.57965984033,0.813324080499653,585.59333795975,0.868055555555556,625,0.50207468879668,120.497925311203,0.966804979253112,232.033195020747,0.809128630705394,194.190871369295,5400,660,16080,2940,420,8640,18,39.0833333333333,14,50.2142857142857
"2024-06-30 10:05:00|Monitor21.txt|10","M21",10,"CS","Iso_Vial",25,"M","2024-06-30 10:05:00","2024-07-02 10:20:00",0.769524470669906,0.769524470669906,1108.11523776466,0.626648160999306,451.1866759195,0.9125,657,0.369294605809129,88.6307053941909,0.925311203319502,222.074688796681,0.788381742738589,189.211618257261,7260,600,20940,9180,300,19440,35,17.4571428571429,15,51.8666666666667
"2024-06-30 10:05:00|Monitor21.txt|11","M21",11,"CS","Iso_Vial",25,"M","2024-06-30 10:05:00","2024-07-02 10:20:00",0.726136758070115,0.726136758070115,1045.63693162097,0.661346287300486,476.16932685635,0.790972222222222,569.5,0.385892116182573,92.6141078838174,0.921161825726141,221.078838174274,0.921161825726141,221.078838174274,1800,300,24240,4260,300,23340,30,25.85,23.5,26.7234042553191
"2024-06-30 10:05:00|Monitor21.txt|13","M21",13,"CS","Iso_Vial",25,"M","2024-06-30 10:05:00","2024-07-02 10:20:00",0.729954876778896,0.729954876778896,1051.13502256161,0.659958362248439,475.170020818876,0.8,576,0.580912863070539,139.419087136929,0.950207468879668,228.04979253112,0.83402489626556,200.165975103734,3540,660,23160,2340,780,19200,37,19.5540540540541,26,26.3653846153846
"2024-06-30 10:05:00|Monitor21.txt|14","M21",14,"CS","Iso_Vial",25,"M","2024-06-30 10:05:00","2024-07-02 10:20:00",0.756681707740368,0.756681707740368,1089.62165914613,0.66412213740458,478.167938931298,0.849305555555556,611.5,0.344398340248963,82.655601659751,0.867219917012448,208.132780082988,0.759336099585062,182.240663900415,4920,300,25440,5100,300,32460,43,15.3023255813953,21,35.6190476190476
"2024-06-30 10:05:00|Monitor21.txt|15","M21",15,"CS","Iso_Vial",25,"M","2024-06-30 10:05:00","2024-07-02 10:20:00",0.825407844498438,0.825407844498438,1188.58729607775,0.742539902845246,534.628730048577,0.908333333333333,654,0.522821576763486,125.477178423237,0.995850622406639,239.004149377593,1,240,1080,840,28740,3660,480,16140,35.5,20.3239436619718,5.5,125.818181818182
"2024-06-30 10:05:00|Monitor21.txt|16","M21",16,"CS","Iso_Vial",25,"M","2024-06-30 10:05:00","2024-07-02 10:20:00",0.740715029503645,0.740715029503645,1066.62964248525,0.712005551700208,512.64399722415,0.769444444444444,554,0.423236514522822,101.576763485477,0.730290456431535,175.269709543568,0.896265560165975,215.103734439834,1380,420,23820,3060,360,33000,38,18.1315789473684,41,16.7073170731707
"2024-06-30 10:05:00|Monitor21.txt|17","M21",17,"CS","Iso_Vial",25,"M","2024-06-30 10:05:00","2024-07-02 10:20:00",0.828184658104825,0.828184658104825,1192.58590767095,0.786259541984733,566.106870229008,0.870138888888889,626.5,0.630705394190871,151.369294605809,1,240,0.896265560165975,215.103734439834,1980,360,20340,3300,660,18720,34,21.2794117647059,9,76.2222222222222
"2024-06-30 10:05:00|Monitor21.txt|18","M21",18,"CS","Iso_Vial",25,"M","2024-06-30 10:05:00","2024-07-02 10:20:00",0.925373134328358,0.925373134328358,1332.53731343284,0.905621096460791,652.04718945177,0.945138888888889,680.5,0.995850622406639,239.004149377593,0.995850622406639,239.004149377593,1,240,0,12900,0,3240,8580,3240,19.5,36.1025641025641,8,89.0625
"2024-06-30 10:05:00|Monitor21.txt|19","M21",19,"CS","Iso_Vial",25,"M","2024-06-30 10:05:00","2024-07-02 10:20:00",0.730301978479695,0.730301978479695,1051.63484901076,0.580846634281749,418.209576682859,0.879861111111111,633.5,0.273858921161826,65.7261410788382,0.970954356846473,233.029045643154,0.896265560165975,215.103734439834,1020,480,29400,1440,540,26760,42,16.7261904761905,19.5,35.7948717948718
"2024-06-30 10:05:00|Monitor21.txt|20","M21",20,"CS","Iso_Vial",25,"M","2024-06-30 10:05:00","2024-07-02 10:20:00",0.740020826102048,0.740020826102048,1065.62998958695,0.714087439278279,514.142956280361,0.765972222222222,551.5,0.273858921161826,65.7261410788382,0.721991701244813,173.278008298755,0.854771784232365,205.145228215768,4560,300,15780,5220,480,21240,30.5,25.7704918032787,27,22.6481481481481
"2024-06-30 10:05:00|Monitor21.txt|21","M21",21,"CS","Iso_Vial",25,"M","2024-06-30 10:05:00","2024-07-02 10:20:00",0.788962165914613,0.788962165914613,1136.10551891704,0.714087439278279,514.142956280361,0.863888888888889,622,0.551867219917012,132.448132780083,0.975103734439834,234.02489626556,0.854771784232365,205.145228215768,3180,300,18900,2940,300,6420,36.5,20.1232876712329,16.5,41.030303030303
"2024-06-30 10:05:00|Monitor21.txt|22","M21",22,"CS","Iso_Vial",25,"M","2024-06-30 10:05:00","2024-07-02 10:20:00",0.659146129816036,0.659146129816036,949.170426935092,0.62734212352533,451.686328938237,0.690972222222222,497.5,0.45643153526971,109.54356846473,0.771784232365145,185.228215767635,0.784232365145228,188.215767634855,420,300,24660,3180,420,17940,48,15.40625,35,18.7285714285714
"2024-06-30 10:05:00|Monitor21.txt|23","M21",23,"CS","Iso_Vial",25,"M","2024-06-30 10:05:00","2024-07-02 10:20:00",0.81881291218327,0.81881291218327,1179.09059354391,0.777238029146426,559.611380985427,0.860416666666667,619.5,0.688796680497925,165.311203319502,0.950207468879668,228.04979253112,0.87551867219917,210.124481327801,720,540,24720,840,300,25140,36.5,19.6712328767123,14.5,47.3793103448276
"2024-06-30 10:05:00|Monitor21.txt|24","M21",24,"CS","Iso_Vial",25,"M","2024-06-30 10:05:00","2024-07-02 10:20:00",0.794515793127386,0.794515793127386,1144.10274210344,0.742539902845246,534.628730048577,0.846527777777778,609.5,0.394190871369295,94.6058091286307,0.87551867219917,210.124481327801,0.879668049792531,211.120331950207,4260,300,33540,1500,360,21600,36,20.125,15,44.7
"2024-06-30 10:05:00|Monitor21.txt|25","M21",25,"CS","Iso_Vial",25,"M","2024-06-30 10:05:00","2024-07-02 10:20:00",0.735161402290871,0.735161402290871,1058.63241929885,0.65440666204025,471.17279666898,0.815972222222222,587.5,0.49792531120332,119.502074688797,0.987551867219917,237.01244813278,0.75103734439834,180.248962655602,3060,420,28680,1080,360,27660,47,14.8297872340426,21.5,32.5348837209302
"2024-06-30 10:05:00|Monitor21.txt|26","M21",26,"CS","Iso_Vial",25,"M","2024-06-30 10:05:00","2024-07-02 10:20:00",0.733772995487678,0.733772995487678,1056.63311350226,0.578070784177654,416.210964607911,0.889583333333333,640.5,0.269709543568465,64.7302904564315,0.991701244813278,238.008298755187,1,240,2580,300,18840,840,840,19440,42,17.9047619047619,7.5,87.5333333333333
"2024-06-30 10:05:00|Monitor21.txt|27","M21",27,"CS","Iso_Vial",25,"M","2024-06-30 10:05:00","2024-07-02 10:20:00",0.738979520999653,0.738979520999653,1064.1305102395,0.701596113809854,505.149201943095,0.776388888888889,559,0.352697095435685,84.6473029045643,0.850622406639004,204.149377593361,0.796680497925311,191.203319502075,6240,420,16200,4440,480,17700,32,22.53125,35,18.8142857142857
"2024-06-30 10:05:00|Monitor21.txt|29","M21",29,"CS","Iso_Vial",25,"M","2024-06-30 10:05:00","2024-07-02 10:20:00",0.849704963554321,0.849704963554321,1223.57514751822,0.825815405968078,594.587092297016,0.873611111111111,629,0.680497925311203,163.319502074689,0.970954356846473,233.029045643154,0.871369294605809,209.128630705394,1560,420,20940,1920,420,6420,39.5,18.0379746835443,20.5,33.0731707317073
"2024-06-30 10:05:00|Monitor21.txt|30","M21",30,"CS","Iso_Vial",25,"M","2024-06-30 10:05:00","2024-07-02 10:20:00",0.821936827490455,0.821936827490455,1183.58903158625,0.84177654406662,606.079111727967,0.802083333333333,577.5,0.804979253112033,193.195020746888,0.800829875518672,192.199170124481,0.614107883817427,147.385892116183,1260,540,3300,840,300,29520,32,22.15625,27,25.5
"2024-06-30 10:05:00|Monitor21.txt|31","M21",31,"CS","Iso_Vial",25,"M","2024-06-30 10:05:00","2024-07-02 10:20:00",0.724054147865325,0.724054147865325,1042.63797292607,0.628730048577377,452.685634975711,0.819444444444444,590,0.614107883817427,147.385892116183,0.91701244813278,220.082987551867,0.688796680497925,165.311203319502,1260,600,6300,2880,1560,22680,33.5,21.5223880597015,12,58.625
"2024-06-30 10:05:00|Monitor21.txt|32","M21",32,"CS","Iso_Vial",25,"M","2024-06-30 10:05:00","2024-07-02 10:20:00",0.803540437348143,0.803540437348143,1157.09822978133,0.828591256072172,596.585704371964,0.778472222222222,560.5,0.697095435684647,167.302904564315,0.817427385892116,196.182572614108,0.622406639004149,149.377593360996,1860,720,17340,540,300,13020,38,17.7894736842105,30.5,23.1475409836066
"2024-06-30 10:05:00|Monitor22.txt|01","M22",1,"CS","Grp25_Vial",25,"M","2024-06-30 10:05:00","2024-07-02 10:20:00",0.832349878514405,0.832349878514405,1198.58382506074,0.802220680083276,577.598889659958,0.8625,621,0.639004149377593,153.360995850622,0.983402489626556,236.016597510373,0.842323651452282,202.157676348548,1380,300,27540,420,420,14700,37.5,18.3066666666667,23,30.6521739130435
"2024-06-30 10:05:00|Monitor22.txt|02","M22",2,"CS","Grp25_Vial",25,"M","2024-06-30 10:05:00","2024-07-02 10:20:00",0.758764317945158,0.758764317945158,1092.62061784103,0.768216516308119,553.115891741846,0.749305555555556,539.5,0.522821576763486,125.477178423237,0.759336099585062,182.240663900415,0.83402489626556,200.165975103734,2400,420,14280,1200,2220,29520,37,18.5675675675676,30,23.5166666666667
"2024-06-30 10:05:00|Monitor22.txt|03","M22",3,"CS","Grp25_Vial",25,"M","2024-06-30 10:05:00","2024-07-02 10:20:00",0.739326622700451,0.739326622700451,1064.63033668865,0.609299097848716,438.695350451076,0.869444444444444,626,0.203319502074689,48.7966804979253,1,240,0.838174273858921,201.161825726141,4560,360,23640,5340,1020,38940,42,17.3809523809524,12,56.7083333333333
"2024-06-30 10:05:00|Monitor22.txt|04","M22",4,"CS","Grp25_Vial",25,"M","2024-06-30 10:05:00","2024-07-02 10:20:00",0.591461298160361,0.591461298160361,851.70426935092,0.573213046495489,412.713393476752,0.609722222222222,439,0.352697095435685,84.6473029045643,0.684647302904564,164.315352697095,0.406639004149378,97.5933609958506,2100,420,21480,1560,540,15000,54.5,13.4770642201835,44.5,14.876404494382
"2024-06-30 10:05:00|Monitor22.txt|05","M22",5,"CS","Grp25_Vial",25,"M","2024-06-30 10:05:00","2024-07-02 10:20:00",0.555015619576536,0.555015619576536,799.222492190212,0.590562109646079,425.204718945177,0.519444444444444,374,0.298755186721992,71.701244813278,0.568464730290456,136.43153526971,0.45643153526971,109.54356846473,4980,300,27960,1260,360,25260,47.5,16.1052631578947,23.5,27.7234042553191
"2024-06-30 10:05:00|Monitor22.txt|06","M22",6,"CS","Grp25_Vial",25,"M","2024-06-30 10:05:00","2024-07-02 10:20:00",0.782367233599445,0.782367233599445,1126.6088163832,0.826509368494101,595.086745315753,0.738194444444444,531.5,0.813278008298755,195.186721991701,0.867219917012448,208.132780082988,0.721991701244813,173.278008298755,540,1320,24900,1620,540,19740,23,31.804347826087,19,36.1842105263158
"2024-06-30 10:05:00|Monitor22.txt|07","M22",7,"CS","Grp25_Vial",25,"M","2024-06-30 10:05:00","2024-07-02 10:20:00",0.926761541131552,0.926761541131552,1334.53661922943,0.907702984038862,653.546148507981,0.945833333333333,681,0.70954356846473,170.290456431535,0.950207468879668,228.04979253112,1,240,480,1500,20520,480,1080,7200,19.5,35.8205128205128,6,119.916666666667
"2024-06-30 10:05:00|Monitor22.txt|08","M22",8,"CS","Grp25_Vial",25,"M","2024-06-30 10:05:00","2024-07-02 10:20:00",0.764317945157931,0.764317945157931,1100.61784102742,0.737682165163081,531.131158917418,0.790972222222222,569.5,0.639004149377593,153.360995850622,0.912863070539419,219.087136929461,0.887966804979253,213.112033195021,0,360,31740,2820,300,18480,39.5,18.7594936708861,20,32.5
"2024-06-30 10:05:00|Monitor22.txt|09","M22",9,"CS","Grp25_Vial",25,"M","2024-06-30 10:05:00","2024-07-02 10:20:00",0.921555015619577,0.921555015619577,1327.03922249219,0.934767522553782,673.032616238723,0.908333333333333,654,0.821576763485477,197.178423236515,1,240,0.825726141078838,198.174273858921,1620,300,5640,720,540,22680,10.5,67.9523809523809,7.5,95.7333333333333
"2024-06-30 10:05:00|Monitor22.txt|10","M22",10,"CS","Grp25_Vial",25,"M","2024-06-30 10:05:00","2024-07-02 10:20:00",0.817077403679278,0.817077403679278,1176.59146129816,0.765440666204025,551.117279666898,0.86875,625.5,0.680497925311203,163.319502074689,0.995850622406639,239.004149377593,0.887966804979253,213.112033195021,1680,540,23880,180,900,12360,38,19.1052631578947,11.5,59.2608695652174
"2024-06-30 10:05:00|Monitor22.txt|11","M22",11,"CS","Grp25_Vial",25,"M","2024-06-30 10:05:00","2024-07-02 10:20:00",0.816383200277681,0.816383200277681,1175.59180839986,0.687022900763359,494.656488549618,0.945833333333333,681,0.394190871369295,94.6058091286307,1,240,1,240,3420,360,26880,6300,840,30180,37.5,18.7066666666667,2,360
"2024-06-30 10:05:00|Monitor22.txt|12","M22",12,"CS","Grp25_Vial",25,"M","2024-06-30 10:05:00","2024-07-02 10:20:00",0.696980215203055,0.696980215203055,1003.6515098924,0.546842470506593,393.726578764747,0.847222222222222,610,0.423236514522822,101.576763485477,0.871369294605809,209.128630705394,0.87551867219917,210.124481327801,3420,540,22380,3120,300,25080,54,13.6851851851852,22,29.6818181818182
"2024-06-30 10:05:00|Monitor22.txt|13","M22",13,"CS","Grp25_Vial",25,"M","2024-06-30 10:05:00","2024-07-02 10:20:00",0.788267962513016,0.788267962513016,1135.10586601874,0.717557251908397,516.641221374046,0.859027777777778,618.5,0.672199170124481,161.327800829876,0.892116182572614,214.107883817427,1,240,0,480,27660,3120,300,26760,45.5,16.5494505494506,8.5,76.2941176470588
"2024-06-30 10:05:00|Monitor22.txt|14","M22",14,"CS","Grp25_Vial",25,"M","2024-06-30 10:05:00","2024-07-02 10:20:00",0.857341200971885,0.857341200971885,1234.57132939951,0.817487855655795,588.591256072172,0.897222222222222,646,0.829875518672199,199.170124481328,0.987551867219917,237.01244813278,0.921161825726141,221.078838174274,180,360,25500,480,300,20280,36.5,19.6849315068493,11.5,60.0434782608696
"2024-06-30 10:05:00|Monitor22.txt|15","M22",15,"CS","Grp25_Vial",25,"M","2024-06-30 10:05:00","2024-07-02 10:20:00",0.811176674765706,0.811176674765706,1168.09441166262,0.746703678001388,537.626648160999,0.875694444444444,630.5,0.460580912863071,110.539419087137,0.887966804979253,213.112033195021,0.983402489626556,236.016597510373,4080,840,25140,600,1260,17460,40.5,17.1358024691358,16.5,42.7575757575758
"2024-06-30 10:05:00|Monitor22.txt|16","M22",16,"CS","Grp25_Vial",25,"M","2024-06-30 10:05:00","2024-07-02 10:20:00",0.819160013884068,0.819160013884068,1179.59041999306,0.784871616932686,565.107564191534,0.853472222222222,614.5,0.302904564315353,72.6970954356846,0.925311203319502,222.074688796681,0.946058091286307,227.053941908714,8280,360,22380,480,420,35820,35.5,19.3380281690141,19,37.2105263157895
"2024-06-30 10:05:00|Monitor22.txt|17","M22",17,"CS","Grp25_Vial",25,"M","2024-06-30 10:05:00","2024-07-02 10:20:00",0.744880249913225,0.744880249913225,1072.62755987504,0.700902151283831,504.649548924358,0.788888888888889,568,0.609958506224066,146.390041493776,0.655601659751037,157.344398340249,0.688796680497925,165.311203319502,1260,3360,20940,1260,1080,26940,42,16.8333333333333,15,46.5
"2024-06-30 10:05:00|Monitor22.txt|18","M22",18,"CS","Grp25_Vial",25,"M","2024-06-30 10:05:00","2024-07-02 10:20:00",0.747657063519611,0.747657063519611,1076.62617146824,0.616932685634976,444.191533657183,0.878472222222222,632.5,0.423236514522822,101.576763485477,0.950207468879668,228.04979253112,0.95850622406639,230.041493775934,6180,780,10740,3000,300,17520,45.5,16.1868131868132,11.5,56.3913043478261
"2024-06-30 10:05:00|Monitor22.txt|19","M22",19,"CS","Grp25_Vial",25,"M","2024-06-30 10:05:00","2024-07-02 10:20:00",0.480041652204096,0.480041652204096,691.259979173898,0.444829979181124,320.277585010409,0.515277777777778,371,0.410788381742739,98.5892116182573,0.464730290456432,111.535269709544,0.390041493775934,93.6099585062241,1740,300,16620,2040,420,27240,45.5,15.6373626373626,32.5,21.6461538461538
"2024-06-30 10:05:00|Monitor22.txt|20","M22",20,"CS","Grp25_Vial",25,"M","2024-06-30 10:05:00","2024-07-02 10:20:00",0.688649774383895,0.688649774383895,991.655675112808,0.609299097848716,438.695350451076,0.768055555555556,553,0.643153526970954,154.356846473029,0.813278008298755,195.186721991701,0.705394190871369,169.294605809129,1800,600,25500,1740,720,14640,52.5,14.3619047619048,37.5,16.7066666666667
"2024-06-30 10:05:00|Monitor22.txt|21","M22",21,"CS","Grp25_Vial",25,"M","2024-06-30 10:05:00","2024-07-02 10:20:00",0.758764317945158,0.758764317945158,1092.62061784103,0.705065926439972,507.64746703678,0.8125,585,0.410788381742739,98.5892116182573,0.929460580912863,223.070539419087,0.813278008298755,195.186721991701,4140,660,24480,2700,300,25260,30.5,23.2950819672131,9.5,74.5263157894737
"2024-06-30 10:05:00|Monitor22.txt|22","M22",22,"CS","Grp25_Vial",25,"M","2024-06-30 10:05:00","2024-07-02 10:20:00",0.698368622006248,0.698368622006248,1005.650815689,0.702984038861901,506.148507980569,0.69375,499.5,0.734439834024896,176.265560165975,0.809128630705394,194.190871369295,0.721991701244813,173.278008298755,0,300,25560,1680,600,16260,39.5,18.0253164556962,33.5,20.5970149253731
"2024-06-30 10:05:00|Monitor22.txt|23","M22",23,"CS","Grp25_Vial",25,"M","2024-06-30 10:05:00","2024-07-02 10:20:00",0.76258243665394,0.76258243665394,1098.11870878167,0.723108952116586,520.638445523942,0.802083333333333,577.5,0.344398340248963,82.655601659751,0.800829875518672,192.199170124481,0.580912863070539,139.419087136929,4560,360,23520,1440,300,18120,34.5,19.768115942029,24,30.0416666666667
"2024-06-30 10:05:00|Monitor22.txt|24","M22",24,"CS","Grp25_Vial",25,"M","2024-06-30 10:05:00","2024-07-02 10:20:00",0.820201318986463,0.820201318986463,1181.08989934051,0.79528105482304,572.602359472588,0.845138888888889,608.5,0.564315352697095,135.435684647303,0.892116182572614,214.107883817427,0.900414937759336,216.099585062241,3960,360,9300,1920,360,28500,27,26.9814814814815,18,38.3611111111111
"2024-06-30 10:05:00|Monitor22.txt|25","M22",25,"CS","Grp25_Vial",25,"M","2024-06-30 10:05:00","2024-07-02 10:20:00",0.556056924678931,0.556056924678931,800.721971537661,0.458709229701596,330.270645385149,0.653472222222222,470.5,0.219917012448133,52.7800829875519,0.655601659751037,157.344398340249,0.605809128630705,145.394190871369,6960,420,24120,3360,360,31020,46,16.1195652173913,30,21.7833333333333
"2024-06-30 10:05:00|Monitor22.txt|26","M22",26,"CS","Grp25_Vial",25,"M","2024-06-30 10:05:00","2024-07-02 10:20:00",0.675807011454356,0.675807011454356,973.162096494273,0.668285912560722,481.16585704372,0.683333333333333,492,0.485477178423237,116.514522821577,0.763485477178423,183.236514522822,0.813278008298755,195.186721991701,3960,300,20760,3420,300,21780,28.5,25.6315789473684,46,14.4130434782609
"2024-06-30 10:05:00|Monitor22.txt|27","M22",27,"CS","Grp25_Vial",25,"M","2024-06-30 10:05:00","2024-07-02 10:20:00",0.653592502603263,0.653592502603263,941.173203748698,0.673143650242887,484.663428174879,0.634027777777778,456.5,0.506224066390041,121.49377593361,0.746887966804979,179.253112033195,0.688796680497925,165.311203319502,4560,600,18180,1020,300,21360,46,15.4130434782609,38.5,17.7272727272727
"2024-06-30 10:05:00|Monitor22.txt|28","M22",28,"CS","Grp25_Vial",25,"M","2024-06-30 10:05:00","2024-07-02 10:20:00",0.910100659493231,0.910100659493231,1310.54494967025,0.878556557945871,632.560721721027,0.941666666666667,678,0.825726141078838,198.174273858921,0.966804979253112,232.033195020747,0.933609958506224,224.066390041494,480,2820,19860,720,1020,34860,26.5,26.4339622641509,7.5,95.1333333333333
"2024-06-30 10:05:00|Monitor22.txt|29","M22",29,"CS","Grp25_Vial",25,"M","2024-06-30 10:05:00","2024-07-02 10:20:00",0.763276640055536,0.763276640055536,1099.11836167997,0.801526717557252,577.099236641221,0.725,522,0.688796680497925,165.311203319502,0.796680497925311,191.203319502075,0.663900414937759,159.336099585062,780,300,18120,1260,420,12060,41.5,17.3373493975904,36.5,17.8767123287671
"2024-06-30 10:05:00|Monitor22.txt|30","M22",30,"CS","Grp25_Vial",25,"M","2024-06-30 10:05:00","2024-07-02 10:20:00",0.754599097535578,0.754599097535578,1086.62270045123,0.736294240111034,530.131852879945,0.772916666666667,556.5,0.448132780082988,107.551867219917,0.933609958506224,224.066390041494,0.896265560165975,215.103734439834,3780,300,23040,1380,300,15300,41.5,19.0120481927711,17,35.5882352941176
"2024-06-30 10:05:00|Monitor22.txt|31","M22",31,"CS","Grp25_Vial",25,"M","2024-06-30 10:05:00","2024-07-02 10:20:00",0.701839639014231,0.701839639014231,1010.64908018049,0.784177654406662,564.607911172797,0.619444444444444,446,0.713692946058091,171.286307053942,0.796680497925311,191.203319502075,0.70954356846473,170.290456431535,540,540,14820,60,360,24300,30.5,24.7377049180328,30,21.8333333333333
"2024-06-30 10:05:00|Monitor22.txt|32","M22",32,"CS","Grp25_Vial",25,"M","2024-06-30 10:05:00","2024-07-02 10:20:00",0.849010760152725,0.849010760152725,1222.57549461992,0.794587092297016,572.102706453852,0.903472222222222,650.5,0.75103734439834,180.248962655602,0.842323651452282,202.157676348548,0.954356846473029,229.045643153527,1560,780,17700,600,360,11160,42,17,12,56.8333333333333
"2024-06-30 10:05:00|Monitor23.txt|01","M23",1,"CS","Grp25F_Vial",25,"F","2024-06-30 10:05:00","2024-07-02 10:20:00",0.758070114543561,0.758070114543561,1091.62096494273,0.678001387925052,488.160999306037,0.838194444444444,603.5,0.485477178423237,116.514522821577,0.887966804979253,213.112033195021,0.804979253112033,193.195020746888,0,660,28800,2580,300,23100,35.5,19.4929577464789,28.5,24.6491228070175
"2024-06-30 10:05:00|Monitor23.txt|02","M23",2,"CS","Grp25F_Vial",25,"F","2024-06-30 10:05:00","2024-07-02 10:20:00",0.590072891357168,0.590072891357168,849.704963554321,0.426786953504511,307.286606523248,0.753472222222222,542.5,0.286307053941909,68.7136929460581,0.796680497925311,191.203319502075,0.962655601659751,231.03734439834,900,300,23400,1500,660,16380,53.5,13.6542056074766,36.5,17.2465753424658
"2024-06-30 10:05:00|Monitor23.txt|03","M23",3,"CS","Grp25F_Vial",25,"F","2024-06-30 10:05:00","2024-07-02 10:20:00",0.538354737938216,0.538354737938216,775.230822631031,0.34559333795975,248.82720333102,0.73125,526.5,0.20746887966805,49.792531120332,0.879668049792531,211.120331950207,0.775933609958506,186.224066390041,6480,300,9960,2580,360,13800,45.5,16.2307692307692,39.5,16.6962025316456
"2024-06-30 10:05:00|Monitor23.txt|04","M23",4,"CS","Grp25F_Vial",25,"F","2024-06-30 10:05:00","2024-07-02 10:20:00",0.730649080180493,0.730649080180493,1052.13467545991,0.594725884802221,428.202637057599,0.866666666666667,624,0.282157676348548,67.7178423236515,0.946058091286307,227.053941908714,0.838174273858921,201.161825726141,2040,300,18300,2520,300,25800,45.5,15.4725274725275,19.5,36.4358974358974
"2024-06-30 10:05:00|Monitor23.txt|05","M23",5,"CS","Grp25F_Vial",25,"F","2024-06-30 10:05:00","2024-07-02 10:20:00",0.792086081221798,0.792086081221798,1140.60395695939,0.730742539902845,526.134628730049,0.853472222222222,614.5,0.506224066390041,121.49377593361,1,240,0.896265560165975,215.103734439834,3780,360,20280,2940,300,22980,34.5,20.4057971014493,21.5,32.3720930232558
"2024-06-30 10:05:00|Monitor23.txt|06","M23",6,"CS","Grp25F_Vial",25,"F","2024-06-30 10:05:00","2024-07-02 10:20:00",0.538354737938216,0.538354737938216,775.230822631031,0.409437890353921,294.795281054823,0.667361111111111,480.5,0.0580912863070539,13.9419087136929,0.746887966804979,179.253112033195,0.651452282157676,156.348547717842,12660,480,22800,3720,360,24360,41.5,18.0963855421687,38.5,17
"2024-06-30 10:05:00|Monitor23.txt|07","M23",7,"CS","Grp25F_Vial",25,"F","2024-06-30 10:05:00","2024-07-02 10:20:00",0.622353349531413,0.622353349531413,896.188823325234,0.467036780013879,336.266481609993,0.777777777777778,560,0.37344398340249,89.6265560165975,0.892116182572614,214.107883817427,0.800829875518672,192.199170124481,4560,420,21420,1920,420,20100,46.5,16.7096774193548,21.5,29.3953488372093
"2024-06-30 10:05:00|Monitor23.txt|09","M23",9,"CS","Grp25F_Vial",25,"F","2024-06-30 10:05:00","2024-07-02 10:20:00",0.695591808399861,0.695591808399861,1001.6522040958,0.641915336571825,462.179042331714,0.749305555555556,539.5,0.398340248962656,95.6016597510373,0.887966804979253,213.112033195021,0.759336099585062,182.240663900415,4980,660,14040,4320,780,32940,32.5,24.1538461538462,25,24.54
"2024-06-30 10:05:00|Monitor23.txt|10","M23",10,"CS","Grp25F_Vial",25,"F","2024-06-30 10:05:00","2024-07-02 10:20:00",0.624435959736203,0.624435959736203,899.187782020132,0.487161693268564,350.756419153366,0.761805555555556,548.5,0.431535269709544,103.56846473029,0.995850622406639,239.004149377593,0.755186721991701,181.244813278008,660,480,26220,6600,300,21180,46.5,14.9247311827957,29.5,24
"2024-06-30 10:05:00|Monitor23.txt|11","M23",11,"CS","Grp25F_Vial",25,"F","2024-06-30 10:05:00","2024-07-02 10:20:00",0.646997570288094,0.646997570288094,931.676501214856,0.512144344205413,368.743927827897,0.781944444444444,563,0.323651452282158,77.6763485477179,0.908713692946058,218.091286307054,0.755186721991701,181.244813278008,7740,360,38160,3420,300,15060,40,18.875,24.5,26.2857142857143
"2024-06-30 10:05:00|Monitor23.txt|14","M23",14,"CS","Grp25F_Vial",25,"F","2024-06-30 10:05:00","2024-07-02 10:20:00",0.83755640402638,0.83755640402638,1206.08122179799,0.813324080499653,585.59333795975,0.861805555555556,620.5,0.854771784232365,205.145228215768,0.962655601659751,231.03734439834,0.83402489626556,200.165975103734,540,300,16020,540,300,30780,31,22.8709677419355,16.5,42.5757575757576
"2024-06-30 10:05:00|Monitor23.txt|15","M23",15,"CS","Grp25F_Vial",25,"F","2024-06-30 10:05:00","2024-07-02 10:20:00",0.584519264144394,0.584519264144394,841.707740367928,0.54823039555864,394.725884802221,0.620833333333333,447,0.203319502074689,48.7966804979253,0.713692946058091,171.286307053942,0.734439834024896,176.265560165975,8040,480,24420,2460,480,17040,37.5,20.7733333333333,26.5,23.3207547169811
"2024-06-30 10:05:00|Monitor23.txt|16","M23",16,"CS","Grp25F_Vial",25,"F","2024-06-30 10:05:00","2024-07-02 10:20:00",0.736202707393266,0.736202707393266,1060.1318986463,0.691880638445524,498.154059680777,0.780555555555556,562,0.572614107883817,137.427385892116,0.925311203319502,222.074688796681,0.883817427385892,212.116182572614,1500,360,18900,900,600,16500,51,14.3235294117647,17,39.4117647058824
"2024-06-30 10:05:00|Monitor23.txt|17","M23",17,"CS","Grp25F_Vial",25,"F","2024-06-30 10:05:00","2024-07-02 10:20:00",0.761888233252343,0.761888233252343,1097.11905588337,0.70853573907009,510.145732130465,0.815277777777778,587,0.589211618257261,141.410788381743,0.937759336099585,225.0622406639,0.767634854771784,184.232365145228,2400,360,9300,1500,420,16140,39,17.2435897435897,19,37.7894736842105
"2024-06-30 10:05:00|Monitor23.txt|19","M23",19,"CS","Grp25F_Vial",25,"F","2024-06-30 10:05:00","2024-07-02 10:20:00",0.604651162790698,0.604651162790698,870.697674418605,0.476058292852186,342.761970853574,0.733333333333333,528,0.153526970954357,36.8464730290456,0.759336099585062,182.240663900415,0.821576763485477,197.178423236515,4920,300,17760,2940,480,15660,44,15.6136363636364,44.5,15.6516853932584
"2024-06-30 10:05:00|Monitor23.txt|20","M23",20,"CS","Grp25F_Vial",25,"F","2024-06-30 10:05:00","2024-07-02 10:20:00",0.743491843110031,0.743491843110031,1070.62825407845,0.635669673837613,457.682165163081,0.851388888888889,613,0.572614107883817,137.427385892116,0.929460580912863,223.070539419087,0.846473029045643,203.153526970954,2520,300,23340,3000,600,21480,50.5,13.6732673267327,20.5,34.5365853658537
"2024-06-30 10:05:00|Monitor23.txt|21","M23",21,"CS","Grp25F_Vial",25,"F","2024-06-30 10:05:00","2024-07-02 10:20:00",0.858035404373481,0.858035404373481,1235.57098229781,0.811242192921582,584.094378903539,0.904861111111111,651.5,0.804979253112033,193.195020746888,0.946058091286307,227.053941908714,0.941908713692946,226.058091286307,1200,4860,12900,1140,1680,6300,28.5,25.7017543859649,17.5,38.7142857142857
"2024-06-30 10:05:00|Monitor23.txt|22","M23",22,"CS","Grp25F_Vial",25,"F","2024-06-30 10:05:00","2024-07-02 10:20:00",0.665393960430406,0.665393960430406,958.167303019785,0.577376821651631,415.711311589174,0.753472222222222,542.5,0.485477178423237,116.514522821577,0.900414937759336,216.099585062241,0.937759336099585,225.0622406639,360,1080,34320,5820,600,41040,61,12.1885245901639,22.5,28.8888888888889
"2024-06-30 10:05:00|Monitor23.txt|23","M23",23,"CS","Grp25F_Vial",25,"F","2024-06-30 10:05:00","2024-07-02 10:20:00",0.796251301631378,0.796251301631378,1146.60187434918,0.723108952116586,520.638445523942,0.869444444444444,626,0.618257261410788,148.381742738589,0.933609958506224,224.066390041494,0.970954356846473,233.029045643154,1620,420,30120,2700,420,8460,36.5,19.4657534246575,11.5,61.304347826087
"2024-06-30 10:05:00|Monitor23.txt|24","M23",24,"CS","Grp25F_Vial",25,"F","2024-06-30 10:05:00","2024-07-02 10:20:00",0.784102742103436,0.784102742103436,1129.10794862895,0.677307425399028,487.6613462873,0.890972222222222,641.5,0.70954356846473,170.290456431535,0.979253112033195,235.020746887967,1,240,1260,600,27000,1500,360,16080,46,15.5434782608696,9.5,72.2631578947368
"2024-06-30 10:05:00|Monitor23.txt|25","M23",25,"CS","Grp25F_Vial",25,"F","2024-06-30 10:05:00","2024-07-02 10:20:00",0.610898993405068,0.610898993405068,879.694550503297,0.589868147120056,424.70506592644,0.631944444444444,455,0.514522821576763,123.485477178423,0.655601659751037,157.344398340249,0.298755186721992,71.701244813278,0,420,21780,3300,720,5820,37.5,18.9466666666667,23.5,29.8723404255319
"2024-06-30 10:05:00|Monitor23.txt|26","M23",26,"CS","Grp25F_Vial",25,"F","2024-06-30 10:05:00","2024-07-02 10:20:00",0.523082263103089,0.523082263103089,753.238458868449,0.362248438584316,260.818875780708,0.684027777777778,492.5,0.257261410788382,61.7427385892116,0.825726141078838,198.174273858921,0.62655601659751,150.373443983402,6000,1140,16440,8220,540,13800,39.5,17.4303797468354,36.5,19.3972602739726
"2024-06-30 10:05:00|Monitor23.txt|27","M23",27,"CS","Grp25F_Vial",25,"F","2024-06-30 10:05:00","2024-07-02 10:20:00",0.667129468934398,0.667129468934398,960.666435265533,0.476058292852186,342.761970853574,0.858333333333333,618,0.639004149377593,153.360995850622,0.962655601659751,231.03734439834,0.896265560165975,215.103734439834,0,300,2940,5280,480,14400,57.5,12.1739130434783,24.5,28.5918367346939
"2024-06-30 10:05:00|Monitor23.txt|28","M23",28,"CS","Grp25F_Vial",25,"F","2024-06-30 10:05:00","2024-07-02 10:20:00",0.8542172856647,0.8542172856647,1230.07289135717,0.843858431644691,607.578070784178,0.864583333333333,622.5,0.784232365145228,188.215767634855,1,240,0.900414937759336,216.099585062241,0,300,18600,840,300,13020,31.5,23.4285714285714,8.5,79.4117647058823
"2024-06-30 10:05:00|Monitor23.txt|29","M23",29,"CS","Grp25F_Vial",25,"F","2024-06-30 10:05:00","2024-07-02 10:20:00",0.584866365845193,0.584866365845193,842.207566817077,0.426786953504511,307.286606523248,0.743055555555556,535,0.294605809128631,70.7053941908714,0.883817427385892,212.116182572614,0.713692946058091,171.286307053942,4500,420,16140,4860,300,27360,39.5,17.8101265822785,22.5,31.7111111111111
"2024-06-30 10:05:00|Monitor23.txt|30","M23",30,"CS","Grp25F_Vial",25,"F","2024-06-30 10:05:00","2024-07-02 10:20:00",0.81464769177369,0.81464769177369,1173.09267615411,0.785565579458709,565.607217210271,0.84375,607.5,0.630705394190871,151.369294605809,0.966804979253112,232.033195020747,0.817427385892116,196.182572614108,840,1380,28200,480,420,13860,42.5,15.8235294117647,26,26.9615384615385
"2024-06-30 10:05:00|Monitor23.txt|31","M23",31,"CS","Grp25F_Vial",25,"F","2024-06-30 10:05:00","2024-07-02 10:20:00",0.81881291218327,0.81881291218327,1179.09059354391,0.721721027064539,519.639139486468,0.915972222222222,659.5,0.560165975103734,134.439834024896,0.908713692946058,218.091286307054,0.809128630705394,194.190871369295,1560,300,38340,1560,300,27720,58.5,11.4529914529915,14.5,48.5862068965517
"2024-06-30 10:05:00|Monitor23.txt|32","M23",32,"CS","Grp25F_Vial",25,"F","2024-06-30 10:05:00","2024-07-02 10:20:00",0.670947587643179,0.670947587643179,966.164526206178,0.661346287300486,476.16932685635,0.680555555555556,490,0.692946058091286,166.307053941909,0.692946058091286,166.307053941909,0.630705394190871,151.369294605809,120,300,1980,1980,300,25080,51,14.843137254902,29.5,21.5762711864407
"2024-06-30 10:05:00|Monitor24.txt|01","M24",1,"CS","Grp50_Vial",25,"M","2024-06-30 10:05:00","2024-07-02 10:20:00",0.834432488719195,0.834432488719195,1201.58278375564,0.793893129770992,571.603053435114,0.875,630,0.493775933609959,118.50622406639,0.912863070539419,219.087136929461,0.946058091286307,227.053941908714,2880,360,23700,3120,480,20460,29.5,24.4067796610169,16.5,41.6060606060606
"2024-06-30 10:05:00|Monitor24.txt|03","M24",3,"CS","Grp50_Vial",25,"M","2024-06-30 10:05:00","2024-07-02 10:20:00",0.707046164526206,0.707046164526206,1018.14647691774,0.651630811936155,469.174184594032,0.7625,549,0.506224066390041,121.49377593361,0.742738589211618,178.257261410788,0.763485477178423,183.236514522822,1440,300,9360,2820,480,11040,50.5,13.2277227722772,35.5,19.6478873239437
"2024-06-30 10:05:00|Monitor24.txt|04","M24",4,"CS","Grp50_Vial",25,"M","2024-06-30 10:05:00","2024-07-02 10:20:00",0.605692467893093,0.605692467893093,872.197153766053,0.56557945870923,407.217210270645,0.645833333333333,465,0.199170124481328,47.8008298755187,0.647302904564315,155.352697095436,0.688796680497925,165.311203319502,1500,360,17340,420,300,24600,38.5,19.5584415584416,36,18.0833333333333
"2024-06-30 10:05:00|Monitor24.txt|05","M24",5,"CS","Grp50_Vial",25,"M","2024-06-30 10:05:00","2024-07-02 10:20:00",0.707740367927803,0.707740367927803,1019.14612981604,0.718945176960444,517.64052741152,0.696527777777778,501.5,0.522821576763486,125.477178423237,0.863070539419087,207.136929460581,0.54356846473029,130.45643153527,2700,300,20220,900,360,24540,38.5,18.3116883116883,34,20.2205882352941
"2024-06-30 10:05:00|Monitor24.txt|06","M24",6,"CS","Grp50_Vial",25,"M","2024-06-30 10:05:00","2024-07-02 10:20:00",0.80839986115932,0.80839986115932,1164.09580006942,0.73351839000694,528.133240804996,0.883333333333333,636,0.597510373443983,143.402489626556,0.854771784232365,205.145228215768,0.950207468879668,228.04979253112,2580,540,25680,480,300,26700,39,18.7435897435897,16.5,41.0909090909091
"2024-06-30 10:05:00|Monitor24.txt|07","M24",7,"CS","Grp50_Vial",25,"M","2024-06-30 10:05:00","2024-07-02 10:20:00",0.622353349531413,0.622353349531413,896.188823325234,0.641221374045801,461.679389312977,0.603472222222222,434.5,0.377593360995851,90.6224066390041,0.842323651452282,202.157676348548,0.614107883817427,147.385892116183,0,360,31800,2520,300,25200,40,19.1625,20,32.175
"2024-06-30 10:05:00|Monitor24.txt|08","M24",8,"CS","Grp50_Vial",25,"M","2024-06-30 10:05:00","2024-07-02 10:20:00",0.82297813259285,0.82297813259285,1185.0885109337,0.818875780707842,589.590562109646,0.827083333333333,595.5,0.79253112033195,190.207468879668,0.900414937759336,216.099585062241,0.904564315352697,217.095435684647,420,300,11640,240,300,23580,27,25.7407407407407,22.5,31.5333333333333
"2024-06-30 10:05:00|Monitor24.txt|09","M24",9,"CS","Grp50_Vial",25,"M","2024-06-30 10:05:00","2024-07-02 10:20:00",0.629989586948976,0.629989586948976,907.185005206525,0.556557945870923,400.721721027065,0.703472222222222,506.5,0.315352697095436,75.6846473029046,0.900414937759336,216.099585062241,0.643153526970954,154.356846473029,8820,300,19740,4800,360,14880,42,17.6428571428571,38,16.8421052631579
"2024-06-30 10:05:00|Monitor24.txt|10","M24",10,"CS","Grp50_Vial",25,"M","2024-06-30 10:05:00","2024-07-02 10:20:00",0.596667823672336,0.596667823672336,859.201666088164,0.475364330326162,342.262317834837,0.718055555555556,517,0.319502074688797,76.6804979253112,0.539419087136929,129.460580912863,0.83402489626556,200.165975103734,5280,540,20100,3240,420,34200,57,12.4912280701754,38,18.0789473684211
"2024-06-30 10:05:00|Monitor24.txt|11","M24",11,"CS","Grp50_Vial",25,"M","2024-06-30 10:05:00","2024-07-02 10:20:00",0.586948976049983,0.586948976049983,845.206525511975,0.538514920194309,387.730742539903,0.635416666666667,457.5,0.4149377593361,99.5850622406639,0.701244813278008,168.298755186722,0.663900414937759,159.336099585062,0,600,30660,7680,360,29220,50.5,13.4554455445545,26,27.7884615384615
"2024-06-30 10:05:00|Monitor24.txt|12","M24",12,"CS","Grp50_Vial",25,"M","2024-06-30 10:05:00","2024-07-02 10:20:00",0.663658451926414,0.663658451926414,955.668170774037,0.559333795975017,402.720333102012,0.768055555555556,553,0.224066390041494,53.7759336099585,0.892116182572614,214.107883817427,0.908713692946058,218.091286307054,3540,360,31440,1560,420,20160,48.5,13.8659793814433,30,23.9666666666667
"2024-06-30 10:05:00|Monitor24.txt|13","M24",13,"CS","Grp50_Vial",25,"M","2024-06-30 10:05:00","2024-07-02 10:20:00",0.676848316556751,0.676848316556751,974.661575841722,0.639833448993754,460.680083275503,0.713888888888889,514,0.50207468879668,120.497925311203,0.759336099585062,182.240663900415,0.817427385892116,196.182572614108,180,300,24660,480,360,20340,56,12.4107142857143,42,16.2857142857143
"2024-06-30 10:05:00|Monitor24.txt|14","M24",14,"CS","Grp50_Vial",25,"M","2024-06-30 10:05:00","2024-07-02 10:20:00",0.82714335300243,0.82714335300243,1191.0864283235,0.793893129770992,571.603053435114,0.860416666666667,619.5,0.692946058091286,166.307053941909,0.883817427385892,212.116182572614,0.91701244813278,220.082987551867,0,540,10680,600,780,16680,45,15.3666666666667,23.5,29.1063829787234
"2024-06-30 10:05:00|Monitor24.txt|15","M24",15,"CS","Grp50_Vial",25,"M","2024-06-30 10:05:00","2024-07-02 10:20:00",0.763276640055536,0.763276640055536,1099.11836167997,0.622484385843164,448.188757807078,0.904166666666667,651,0.580912863070539,139.419087136929,0.941908713692946,226.058091286307,0.817427385892116,196.182572614108,0,420,20580,2220,300,18420,51,13.8137254901961,13,54.1538461538462
"2024-06-30 10:05:00|Monitor24.txt|16","M24",16,"CS","Grp50_Vial",25,"M","2024-06-30 10:05:00","2024-07-02 10:20:00",0.754599097535578,0.754599097535578,1086.62270045123,0.677307425399028,487.6613462873,0.831944444444444,599,0.435684647302905,104.564315352697,0.954356846473029,229.045643153527,0.966804979253112,232.033195020747,960,360,31500,720,360,20460,49,14.4591836734694,16,42.9375
"2024-06-30 10:05:00|Monitor24.txt|17","M24",17,"CS","Grp50_Vial",25,"M","2024-06-30 10:05:00","2024-07-02 10:20:00",0.76258243665394,0.76258243665394,1098.11870878167,0.746009715475364,537.126995142262,0.779166666666667,561,0.535269709543568,128.464730290456,0.983402489626556,236.016597510373,0.639004149377593,153.360995850622,1440,360,16860,180,300,20940,41,16.890243902439,24,29.5416666666667
"2024-06-30 10:05:00|Monitor24.txt|18","M24",18,"CS","Grp50_Vial",25,"M","2024-06-30 10:05:00","2024-07-02 10:20:00",0.713293995140576,0.713293995140576,1027.14335300243,0.682165163081194,491.158917418459,0.744444444444444,536,0.473029045643154,113.526970954357,0.887966804979253,213.112033195021,0.70954356846473,170.290456431535,1140,300,20040,1560,600,21060,45,16.2888888888889,31.5,21.2380952380952
"2024-06-30 10:05:00|Monitor24.txt|19","M24",19,"CS","Grp50_Vial",25,"M","2024-06-30 10:05:00","2024-07-02 10:20:00",0.621659146129816,0.621659146129816,895.189170426935,0.568355308813324,409.215822345593,0.675,486,0.526970954356846,126.473029045643,0.692946058091286,166.307053941909,0.755186721991701,181.244813278008,3060,300,27360,4620,360,22920,37,19.3648648648649,45,15.0111111111111
"2024-06-30 10:05:00|Monitor24.txt|20","M24",20,"CS","Grp50_Vial",25,"M","2024-06-30 10:05:00","2024-07-02 10:20:00",0.740020826102048,0.740020826102048,1065.62998958695,0.641221374045801,461.679389312977,0.838888888888889,604,0.485477178423237,116.514522821577,0.813278008298755,195.186721991701,0.842323651452282,202.157676348548,3300,300,17460,600,300,23520,41,17.2439024390244,20.5,33.8780487804878
"2024-06-30 10:05:00|Monitor24.txt|21","M24",21,"CS","Grp50_Vial",25,"M","2024-06-30 10:05:00","2024-07-02 10:20:00",0.797639708434571,0.797639708434571,1148.60118014578,0.704371963913949,507.147814018043,0.890972222222222,641.5,0.788381742738589,189.211618257261,0.879668049792531,211.120331950207,0.734439834024896,176.265560165975,0,300,19320,2880,1440,26160,27.5,25.8909090909091,11.5,60.8695652173913
"2024-06-30 10:05:00|Monitor24.txt|22","M24",22,"CS","Grp50_Vial",25,"M","2024-06-30 10:05:00","2024-07-02 10:20:00",0.640749739673724,0.640749739673724,922.679625130163,0.625954198473282,450.687022900763,0.655555555555556,472,0.406639004149378,97.5933609958506,0.655601659751037,157.344398340249,0.759336099585062,182.240663900415,1560,420,21480,3360,600,29340,50,14.55,44,15.2613636363636
"2024-06-30 10:05:00|Monitor24.txt|24","M24",24,"CS","Grp50_Vial",25,"M","2024-06-30 10:05:00","2024-07-02 10:20:00",0.724748351266921,0.724748351266921,1043.63762582437,0.615544760582929,443.192227619709,0.834027777777778,600.5,0.410788381742739,98.5892116182573,0.921161825726141,221.078838174274,0.912863070539419,219.087136929461,4440,360,15120,3540,360,28680,50,15.29,16,39
"2024-06-30 10:05:00|Monitor24.txt|25","M24",25,"CS","Grp50_Vial",25,"M","2024-06-30 10:05:00","2024-07-02 10:20:00",0.744186046511628,0.744186046511628,1071.62790697674,0.646079111727967,465.176960444136,0.842361111111111,606.5,0.352697095435685,84.6473029045643,0.929460580912863,223.070539419087,0.95850622406639,230.041493775934,0,420,22320,2400,360,31680,38.5,18.961038961039,19,36.1315789473684
"2024-06-30 10:05:00|Monitor24.txt|26","M24",26,"CS","Grp50_Vial",25,"M","2024-06-30 10:05:00","2024-07-02 10:20:00",0.648385977091288,0.648385977091288,933.675807011454,0.525329632199861,378.2373351839,0.771527777777778,555.5,0.215767634854772,51.7842323651452,0.767634854771784,184.232365145228,0.742738589211618,178.257261410788,4740,360,12540,4080,720,27600,40.5,16.6666666666667,36,19.8611111111111
"2024-06-30 10:05:00|Monitor24.txt|27","M24",27,"CS","Grp50_Vial",25,"M","2024-06-30 10:05:00","2024-07-02 10:20:00",0.476223533495314,0.476223533495314,685.761888233252,0.419153365718251,301.790423317141,0.533333333333333,384,0.390041493775934,93.6099585062241,0.493775933609959,118.50622406639,0.655601659751037,157.344398340249,4980,360,9900,7380,360,13440,51,14.7941176470588,45.5,14.1758241758242
"2024-06-30 10:05:00|Monitor24.txt|29","M24",29,"CS","Grp50_Vial",25,"M","2024-06-30 10:05:00","2024-07-02 10:20:00",0.773689691079486,0.773689691079486,1114.11315515446,0.762664816099931,549.11866759195,0.784722222222222,565,0.580912863070539,139.419087136929,0.775933609958506,186.224066390041,0.755186721991701,181.244813278008,1260,300,23340,1380,300,29100,36,19.5694444444444,22,31.9090909090909
"2024-06-30 10:05:00|Monitor24.txt|30","M24",30,"CS","Grp50_Vial",25,"M","2024-06-30 10:05:00","2024-07-02 10:20:00",0.581048247136411,0.581048247136411,836.709475876432,0.46148507980569,332.269257460097,0.700694444444444,504.5,0.16597510373444,39.8340248962656,0.759336099585062,182.240663900415,0.921161825726141,221.078838174274,4980,420,19860,2340,720,24000,41,17.9878048780488,37.5,17.84
"2024-06-30 10:05:00|Monitor24.txt|31","M24",31,"CS","Grp50_Vial",25,"M","2024-06-30 10:05:00","2024-07-02 10:20:00",0.661922943422423,0.661922943422423,953.169038528289,0.553088133240805,398.22345593338,0.770833333333333,555,0.580912863070539,139.419087136929,0.775933609958506,186.224066390041,0.788381742738589,189.211618257261,1380,600,12960,5760,300,28920,47.5,16.3578947368421,29,21.1896551724138
"2024-06-30 10:05:00|Monitor24.txt|32","M24",32,"CS","Grp50_Vial",25,"M","2024-06-30 10:05:00","2024-07-02 10:20:00",0.70218674071503,0.70218674071503,1011.14890662964,0.586398334489938,422.206800832755,0.818055555555556,589,0.356846473029046,85.643153526971,0.871369294605809,209.128630705394,0.788381742738589,189.211618257261,2040,420,15540,2880,540,22680,39.5,18.2911392405063,23.5,28.8723404255319
"2024-06-30 10:05:00|Monitor25.txt|01","M25",1,"CS","Iso_Box",25,"M","2024-06-30 10:05:00","2024-07-02 10:20:00",0.642138146476918,0.642138146476918,924.678930926761,0.458015267175573,329.770992366412,0.826388888888889,595,0.228215767634855,54.7717842323651,0.83402489626556,200.165975103734,0.742738589211618,178.257261410788,7320,360,20880,7320,360,20520,41,17.9390243902439,22,30.3863636363636
"2024-06-30 10:05:00|Monitor25.txt|02","M25",2,"CS","Iso_Box",25,"M","2024-06-30 10:05:00","2024-07-02 10:20:00",0.710170079833391,0.710170079833391,1022.64491496008,0.695350451075642,500.652324774462,0.725,522,0.365145228215768,87.6348547717842,0.842323651452282,202.157676348548,0.655601659751037,157.344398340249,3420,300,17580,1020,360,23520,43.5,17.3103448275862,27.5,23.4
"2024-06-30 10:05:00|Monitor25.txt|03","M25",3,"CS","Iso_Box",25,"M","2024-06-30 10:05:00","2024-07-02 10:20:00",0.794168691426588,0.794168691426588,1143.60291565429,0.801526717557252,577.099236641221,0.786805555555556,566.5,0.755186721991701,181.244813278008,0.809128630705394,194.190871369295,0.925311203319502,222.074688796681,1860,1080,6300,2340,960,9420,31.5,22.2698412698413,21,33.6190476190476
"2024-06-30 10:05:00|Monitor25.txt|04","M25",4,"CS","Iso_Box",25,"M","2024-06-30 10:05:00","2024-07-02 10:20:00",0.736896910794863,0.736896910794863,1061.1315515446,0.675225537820958,486.162387231089,0.798611111111111,575,0.547717842323652,131.452282157676,0.842323651452282,202.157676348548,0.809128630705394,194.190871369295,1980,420,26100,180,420,31680,51.5,13.4174757281553,33,20.7727272727273
"2024-06-30 10:05:00|Monitor25.txt|06","M25",6,"CS","Iso_Box",25,"M","2024-06-30 10:05:00","2024-07-02 10:20:00",0.86463033668865,0.86463033668865,1245.06768483166,0.882720333102012,635.558639833449,0.846527777777778,609.5,0.900414937759336,216.099585062241,0.933609958506224,224.066390041494,0.900414937759336,216.099585062241,660,300,26940,720,900,30960,27,26.5740740740741,26,25.8461538461538
"2024-06-30 10:05:00|Monitor25.txt|07","M25",7,"CS","Iso_Box",25,"M","2024-06-30 10:05:00","2024-07-02 10:20:00",0.848316556751128,0.848316556751128,1221.57584172162,0.86675919500347,624.066620402498,0.829861111111111,597.5,0.721991701244813,173.278008298755,0.883817427385892,212.116182572614,0.867219917012448,208.132780082988,1140,1620,19800,480,300,27660,24,29.3125,25,28.18
"2024-06-30 10:05:00|Monitor25.txt|08","M25",8,"CS","Iso_Box",25,"M","2024-06-30 10:05:00","2024-07-02 10:20:00",0.726830961471711,0.726830961471711,1046.63658451926,0.719639139486468,518.140180430257,0.734027777777778,528.5,0.427385892116183,102.572614107884,0.775933609958506,186.224066390041,0.717842323651452,172.282157676349,6420,300,24840,5880,420,15300,25,27.96,22,32.6363636363636
"2024-06-30 10:05:00|Monitor25.txt|09","M25",9,"CS","Iso_Box",25,"M","2024-06-30 10:05:00","2024-07-02 10:20:00",0.675807011454356,0.675807011454356,973.162096494273,0.775850104094379,558.612074947953,0.575694444444444,414.5,0.697095435684647,167.302904564315,0.473029045643154,113.526970954357,0.493775933609959,118.50622406639,1080,840,20640,1140,300,8580,32.5,25.2615384615385,23,26.0217391304348
"2024-06-30 10:05:00|Monitor25.txt|10","M25",10,"CS","Iso_Box",25,"M","2024-06-30 10:05:00","2024-07-02 10:20:00",0.740367927802846,0.740367927802846,1066.1298160361,0.662040249826509,476.668979875087,0.81875,589.5,0.37344398340249,89.6265560165975,0.775933609958506,186.224066390041,0.879668049792531,211.120331950207,2820,360,24540,2820,660,13740,45,15.2777777777778,29.5,23.7457627118644
"2024-06-30 10:05:00|Monitor25.txt|11","M25",11,"CS","Iso_Box",25,"M","2024-06-30 10:05:00","2024-07-02 10:20:00",0.758070114543561,0.758070114543561,1091.62096494273,0.786259541984733,566.106870229008,0.729861111111111,525.5,0.676348547717842,162.323651452282,0.684647302904564,164.315352697095,0.842323651452282,202.157676348548,600,360,20100,720,360,8040,33,22.7121212121212,19,35.1578947368421
"2024-06-30 10:05:00|Monitor25.txt|12","M25",12,"CS","Iso_Box",25,"M","2024-06-30 10:05:00","2024-07-02 10:20:00",0.807358556056925,0.807358556056925,1162.59632072197,0.860513532269257,619.569743233865,0.754166666666667,543,0.821576763485477,197.178423236515,0.838174273858921,201.161825726141,0.721991701244813,173.278008298755,0,300,2700,1020,420,22620,23.5,31.4468085106383,16.5,41.6060606060606
"2024-06-30 10:05:00|Monitor25.txt|14","M25",14,"CS","Iso_Box",25,"M","2024-06-30 10:05:00","2024-07-02 10:20:00",0.809788267962513,0.809788267962513,1166.09510586602,0.781401804302568,562.609299097849,0.838194444444444,603.5,0.755186721991701,181.244813278008,0.887966804979253,213.112033195021,0.800829875518672,192.199170124481,0,300,6240,1800,1860,7860,41.5,16.9518072289157,14.5,48.5172413793103
"2024-06-30 10:05:00|Monitor25.txt|15","M25",15,"CS","Iso_Box",25,"M","2024-06-30 10:05:00","2024-07-02 10:20:00",0.728219368274905,0.728219368274905,1048.63589031586,0.784871616932686,565.107564191534,0.671527777777778,483.5,0.647302904564315,155.352697095436,0.684647302904564,164.315352697095,0.746887966804979,179.253112033195,60,540,23700,180,420,16140,36.5,19.6986301369863,32,20.984375
"2024-06-30 10:05:00|Monitor25.txt|16","M25",16,"CS","Iso_Box",25,"M","2024-06-30 10:05:00","2024-07-02 10:20:00",0.77716070808747,0.77716070808747,1119.11141964596,0.784177654406662,564.607911172797,0.770138888888889,554.5,0.680497925311203,163.319502074689,0.896265560165975,215.103734439834,0.738589211618257,177.261410788382,360,300,15300,840,300,37500,45,15.4222222222222,26.5,26.2264150943396
"2024-06-30 10:05:00|Monitor25.txt|17","M25",17,"CS","Iso_Box",25,"M","2024-06-30 10:05:00","2024-07-02 10:20:00",0.665046858729608,0.665046858729608,957.667476570635,0.551700208188758,397.224149895906,0.778472222222222,560.5,0.29045643153527,69.7095435684647,0.950207468879668,228.04979253112,0.904564315352697,217.095435684647,2220,360,27000,2820,360,21420,58,12.5689655172414,27,24.1296296296296
"2024-06-30 10:05:00|Monitor25.txt|18","M25",18,"CS","Iso_Box",25,"M","2024-06-30 10:05:00","2024-07-02 10:20:00",0.629642485248178,0.629642485248178,906.685178757376,0.535045107564192,385.232477446218,0.724305555555556,521.5,0.547717842323652,131.452282157676,0.788381742738589,189.211618257261,0.796680497925311,191.203319502075,540,780,26220,180,360,23400,54,13.6388888888889,33.5,19.7462686567164
"2024-06-30 10:05:00|Monitor25.txt|19","M25",19,"CS","Iso_Box",25,"M","2024-06-30 10:05:00","2024-07-02 10:20:00",0.617493925720236,0.617493925720236,889.19125303714,0.530187369882026,381.734906315059,0.704861111111111,507.5,0.240663900414938,57.7593360995851,0.846473029045643,203.153526970954,0.858921161825726,206.141078838174,0,420,29400,1680,360,27780,54.5,13.7981651376147,35.5,17.9859154929577
"2024-06-30 10:05:00|Monitor25.txt|21","M25",21,"CS","Iso_Box",25,"M","2024-06-30 10:05:00","2024-07-02 10:20:00",0.590767094758764,0.590767094758764,850.704616452621,0.51353226925746,369.743233865371,0.668055555555556,481,0.195020746887967,46.804979253112,0.568464730290456,136.43153526971,0.946058091286307,227.053941908714,720,360,19500,1980,660,17760,51.5,14.2621359223301,42,15.5
"2024-06-30 10:05:00|Monitor25.txt|22","M25",22,"CS","Iso_Box",25,"M","2024-06-30 10:05:00","2024-07-02 10:20:00",0.813606386671295,0.813606386671295,1171.59319680666,0.742539902845246,534.628730048577,0.884722222222222,637,0.800829875518672,192.199170124481,0.946058091286307,227.053941908714,0.946058091286307,227.053941908714,540,3360,540,960,480,15960,49.5,14.2525252525253,12.5,55.24
"2024-06-30 10:05:00|Monitor25.txt|23","M25",23,"CS","Iso_Box",25,"M","2024-06-30 10:05:00","2024-07-02 10:20:00",0.78132592849705,0.78132592849705,1125.10933703575,0.742539902845246,534.628730048577,0.820138888888889,590.5,0.630705394190871,151.369294605809,0.908713692946058,218.091286307054,0.767634854771784,184.232365145228,300,420,20280,2280,480,16200,39.5,18.746835443038,18,36.6111111111111
"2024-06-30 10:05:00|Monitor25.txt|24","M25",24,"CS","Iso_Box",25,"M","2024-06-30 10:05:00","2024-07-02 10:20:00",0.759111419645956,0.759111419645956,1093.12044429018,0.684247050659264,492.65787647467,0.834027777777778,600.5,0.5850622406639,140.414937759336,0.941908713692946,226.058091286307,0.933609958506224,224.066390041494,1320,660,21240,3060,600,21720,47.5,14.7473684210526,20,34.75
"2024-06-30 10:05:00|Monitor25.txt|25","M25",25,"CS","Iso_Box",25,"M","2024-06-30 10:05:00","2024-07-02 10:20:00",0.738979520999653,0.738979520999653,1064.1305102395,0.668979875086745,481.665510062457,0.809027777777778,582.5,0.352697095435685,84.6473029045643,0.863070539419087,207.136929460581,0.692946058091286,166.307053941909,5280,300,13980,1320,480,11100,43,17.1627906976744,21,31.4761904761905
"2024-06-30 10:05:00|Monitor25.txt|26","M25",26,"CS","Iso_Box",25,"M","2024-06-30 10:05:00","2024-07-02 10:20:00",0.693509198195071,0.693509198195071,998.653245400903,0.566273421235253,407.716863289382,0.820833333333333,591,0.302904564315353,72.6970954356846,0.941908713692946,226.058091286307,0.908713692946058,218.091286307054,2520,360,30720,1740,420,28980,54,13.1944444444444,24,28.3958333333333
"2024-06-30 10:05:00|Monitor25.txt|27","M25",27,"CS","Iso_Box",25,"M","2024-06-30 10:05:00","2024-07-02 10:20:00",0.624435959736203,0.624435959736203,899.187782020132,0.570437196391395,410.714781401804,0.678472222222222,488.5,0.406639004149378,97.5933609958506,0.75103734439834,180.248962655602,0.780082987551867,187.219917012448,0,300,13200,3960,300,22440,49,14.8673469387755,34.5,18.6811594202899
"2024-06-30 10:05:00|Monitor25.txt|28","M25",28,"CS","Iso_Box",25,"M","2024-06-30 10:05:00","2024-07-02 10:20:00",0.671641791044776,0.671641791044776,967.164179104478,0.578764746703678,416.710617626648,0.764583333333333,550.5,0.128630705394191,30.8713692946058,0.858921161825726,206.141078838174,0.871369294605809,209.128630705394,11220,360,25260,2100,360,16680,34.5,22.2173913043478,22,29.5227272727273
"2024-06-30 10:05:00|Monitor25.txt|29","M25",29,"CS","Iso_Box",25,"M","2024-06-30 10:05:00","2024-07-02 10:20:00",0.925720236029157,0.925720236029157,1333.03713988199,0.892435808466343,642.553782095767,0.959027777777778,690.5,0.821576763485477,197.178423236515,0.995850622406639,239.004149377593,0.995850622406639,239.004149377593,0,300,19200,1080,300,13320,21.5,33.2093023255814,5.5,128.363636363636
"2024-06-30 10:05:00|Monitor25.txt|30","M25",30,"CS","Iso_Box",25,"M","2024-06-30 10:05:00","2024-07-02 10:20:00",0.852828878861506,0.852828878861506,1228.07358556057,0.847328244274809,610.076335877863,0.858333333333333,618,0.62655601659751,150.373443983402,0.983402489626556,236.016597510373,0.970954356846473,233.029045643154,0,300,30900,840,300,10260,32.5,21.2153846153846,17.5,40.5428571428571
"2024-06-30 10:05:00|Monitor25.txt|31","M25",31,"CS","Iso_Box",25,"M","2024-06-30 10:05:00","2024-07-02 10:20:00",0.747309961818813,0.747309961818813,1076.12634501909,0.688410825815406,495.655794587092,0.80625,580.5,0.489626556016597,117.510373443983,0.804979253112033,193.195020746888,0.784232365145228,188.215767634855,1320,360,32940,900,420,19320,49.5,13.8989898989899,17,41.9411764705882
"2024-06-30 10:05:00|Monitor25.txt|32","M25",32,"CS","Iso_Box",25,"M","2024-06-30 10:05:00","2024-07-02 10:20:00",0.599791738979521,0.599791738979521,863.70010413051,0.58501040943789,421.207494795281,0.614583333333333,442.5,0.50207468879668,120.497925311203,0.734439834024896,176.265560165975,0.481327800829876,115.51867219917,1260,300,25260,3720,360,20340,49,14.0816326530612,42,16.8333333333333
"2024-06-30 10:05:00|Monitor26.txt|02","M26",2,"CS","Grp5_Box",25,"M","2024-06-30 10:05:00","2024-07-02 10:20:00",0.844498438042346,0.844498438042346,1216.07775078098,0.798750867453157,575.100624566273,0.890277777777778,641,0.597510373443983,143.402489626556,0.975103734439834,234.02489626556,0.883817427385892,212.116182572614,1680,360,24060,780,360,28740,37.5,18.5466666666667,15.5,46
"2024-06-30 10:05:00|Monitor26.txt|03","M26",3,"CS","Grp5_Box",25,"M","2024-06-30 10:05:00","2024-07-02 10:20:00",0.813259284970496,0.813259284970496,1171.09337035751,0.732824427480916,527.63358778626,0.89375,643.5,0.493775933609959,118.50622406639,0.962655601659751,231.03734439834,0.912863070539419,219.087136929461,3540,420,17400,4740,420,20400,33.5,20.4626865671642,15,48.7
"2024-06-30 10:05:00|Monitor26.txt|04","M26",4,"CS","Grp5_Box",25,"M","2024-06-30 10:05:00","2024-07-02 10:20:00",0.71884762235335,0.71884762235335,1035.14057618882,0.652324774462179,469.673837612769,0.785416666666667,565.5,0.120331950207469,28.8796680497925,0.763485477178423,183.236514522822,0.809128630705394,194.190871369295,1800,360,21660,3300,300,33420,39.5,17.5949367088608,21.5,32.8837209302326
"2024-06-30 10:05:00|Monitor26.txt|06","M26",6,"CS","Grp5_Box",25,"M","2024-06-30 10:05:00","2024-07-02 10:20:00",0.786185352308226,0.786185352308226,1132.10690732385,0.691880638445524,498.154059680777,0.880555555555556,634,0.468879668049793,112.53112033195,0.929460580912863,223.070539419087,0.962655601659751,231.03734439834,2040,360,35160,420,300,10560,42.5,16.6941176470588,12.5,55.04
"2024-06-30 10:05:00|Monitor26.txt|07","M26",7,"CS","Grp5_Box",25,"M","2024-06-30 10:05:00","2024-07-02 10:20:00",0.763970843457133,0.763970843457133,1100.11801457827,0.731436502428869,526.634281748785,0.796527777777778,573.5,0.473029045643154,113.526970954357,0.929460580912863,223.070539419087,0.796680497925311,191.203319502075,360,720,9720,120,300,21600,39.5,17.506329113924,18.5,38.4594594594595
"2024-06-30 10:05:00|Monitor26.txt|08","M26",8,"CS","Grp5_Box",25,"M","2024-06-30 10:05:00","2024-07-02 10:20:00",0.769524470669906,0.769524470669906,1108.11523776466,0.758501040943789,546.120749479528,0.780555555555556,562,0.510373443983402,122.489626556017,0.846473029045643,203.153526970954,0.887966804979253,213.112033195021,1080,300,25080,1020,300,20100,33,23.6212121212121,22,28.7727272727273
"2024-06-30 10:05:00|Monitor26.txt|09","M26",9,"CS","Grp5_Box",25,"M","2024-06-30 10:05:00","2024-07-02 10:20:00",0.799375216938563,0.799375216938563,1151.10031239153,0.852879944482998,614.073560027759,0.745833333333333,537,0.813278008298755,195.186721991701,0.83402489626556,200.165975103734,0.759336099585062,182.240663900415,900,900,24360,600,1140,23460,25,29.6,23,29.3695652173913
"2024-06-30 10:05:00|Monitor26.txt|13","M26",13,"CS","Grp5_Box",25,"M","2024-06-30 10:05:00","2024-07-02 10:20:00",0.796598403332176,0.796598403332176,1147.10170079833,0.824427480916031,593.587786259542,0.76875,553.5,0.721991701244813,173.278008298755,0.809128630705394,194.190871369295,0.91701244813278,220.082987551867,540,300,31080,2100,540,15780,34,21.5588235294118,16.5,40.9090909090909
"2024-06-30 10:05:00|Monitor26.txt|14","M26",14,"CS","Grp5_Box",25,"M","2024-06-30 10:05:00","2024-07-02 10:20:00",0.909406456091635,0.909406456091635,1309.54529677195,0.906315058986815,652.546842470507,0.9125,657,0.854771784232365,205.145228215768,0.991701244813278,238.008298755187,1,240,0,360,32160,1140,2760,14700,29,24.6206896551724,12,57.5833333333333
"2024-06-30 10:05:00|Monitor26.txt|16","M26",16,"CS","Grp5_Box",25,"M","2024-06-30 10:05:00","2024-07-02 10:20:00",0.819854217285665,0.819854217285665,1180.59007289136,0.881332408049965,634.559333795975,0.758333333333333,546,0.746887966804979,179.253112033195,0.697095435684647,167.302904564315,0.813278008298755,195.186721991701,1380,960,12780,1320,1920,3720,17.5,40.3714285714286,22.5,32.1555555555556
"2024-06-30 10:05:00|Monitor26.txt|17","M26",17,"CS","Grp5_Box",25,"M","2024-06-30 10:05:00","2024-07-02 10:20:00",0.713988198542173,0.713988198542173,1028.14300590073,0.591950034698126,426.204024982651,0.836111111111111,602,0.215767634854772,51.7842323651452,0.79253112033195,190.207468879668,0.912863070539419,219.087136929461,5820,300,37920,5280,420,17640,47,15.3723404255319,17.5,39.3428571428571
"2024-06-30 10:05:00|Monitor26.txt|18","M26",18,"CS","Grp5_Box",25,"M","2024-06-30 10:05:00","2024-07-02 10:20:00",0.809441166261715,0.809441166261715,1165.59527941687,0.764052741151978,550.117973629424,0.854861111111111,615.5,0.556016597510373,133.44398340249,0.863070539419087,207.136929460581,0.854771784232365,205.145228215768,1380,420,26160,2520,480,26340,34,20.7941176470588,24.5,28.0204081632653
"2024-06-30 10:05:00|Monitor26.txt|19","M26",19,"CS","Grp5_Box",25,"M","2024-06-30 10:05:00","2024-07-02 10:20:00",0.704616452620618,0.704616452620618,1014.64769177369,0.634975711311589,457.182512144344,0.774305555555556,557.5,0.692946058091286,166.307053941909,0.842323651452282,202.157676348548,0.87551867219917,210.124481327801,840,300,29700,1020,540,27360,54,14.1111111111111,18.5,33.7297297297297
"2024-06-30 10:05:00|Monitor26.txt|20","M26",20,"CS","Grp5_Box",25,"M","2024-06-30 10:05:00","2024-07-02 10:20:00",0.709475876431795,0.709475876431795,1021.64526206178,0.716863289382373,516.141568355309,0.702083333333333,505.5,0.663900414937759,159.336099585062,0.726141078838174,174.273858921162,0.672199170124481,161.327800829876,1140,1500,20100,420,300,30060,48,15.8854166666667,26,24.4615384615385
"2024-06-30 10:05:00|Monitor26.txt|21","M26",21,"CS","Grp5_Box",25,"M","2024-06-30 10:05:00","2024-07-02 10:20:00",0.796251301631378,0.796251301631378,1146.60187434918,0.746009715475364,537.126995142262,0.846527777777778,609.5,0.614107883817427,147.385892116183,0.871369294605809,209.128630705394,0.921161825726141,221.078838174274,360,300,19560,1140,420,28680,43,15.8837209302326,20.5,34.7317073170732
"2024-06-30 10:05:00|Monitor26.txt|22","M26",22,"CS","Grp5_Box",25,"M","2024-06-30 10:05:00","2024-07-02 10:20:00",0.851440472058313,0.851440472058313,1226.07427976397,0.808466342817488,582.095766828591,0.894444444444444,644,0.721991701244813,173.278008298755,1,240,0.962655601659751,231.03734439834,1200,1920,24000,1920,1380,28860,32,23.25,10,66.55
"2024-06-30 10:05:00|Monitor26.txt|23","M26",23,"CS","Grp5_Box",25,"M","2024-06-30 10:05:00","2024-07-02 10:20:00",0.699757028809441,0.699757028809441,1007.6501214856,0.546148507980569,393.22692574601,0.853472222222222,614.5,0.145228215767635,34.8547717842324,0.925311203319502,222.074688796681,0.854771784232365,205.145228215768,11580,1080,26460,900,300,17340,37,20.2837837837838,20.5,31.9024390243902
"2024-06-30 10:05:00|Monitor26.txt|24","M26",24,"CS","Grp5_Box",25,"M","2024-06-30 10:05:00","2024-07-02 10:20:00",0.851787573759111,0.851787573759111,1226.57410621312,0.809854267869535,583.095072866065,0.89375,643.5,0.672199170124481,161.327800829876,0.987551867219917,237.01244813278,0.995850622406639,239.004149377593,1500,420,15180,900,780,1740,39.5,17.9113924050633,14,48.6071428571429
"2024-06-30 10:05:00|Monitor26.txt|25","M26",25,"CS","Grp5_Box",25,"M","2024-06-30 10:05:00","2024-07-02 10:20:00",0.669212079139188,0.669212079139188,963.66539396043,0.555170020818876,399.722414989591,0.783333333333333,564,0.228215767634855,54.7717842323651,0.796680497925311,191.203319502075,0.854771784232365,205.145228215768,7260,480,20220,3180,360,21600,39.5,16.9873417721519,15,49.0666666666667
"2024-06-30 10:05:00|Monitor26.txt|26","M26",26,"CS","Grp5_Box",25,"M","2024-06-30 10:05:00","2024-07-02 10:20:00",0.755987504338771,0.755987504338771,1088.62200624783,0.696738376127689,501.651630811936,0.815277777777778,587,0.265560165975104,63.7344398340249,0.842323651452282,202.157676348548,0.800829875518672,192.199170124481,1440,300,19560,1440,360,15180,34,21.2352941176471,22.5,29.9777777777778
"2024-06-30 10:05:00|Monitor26.txt|27","M26",27,"CS","Grp5_Box",25,"M","2024-06-30 10:05:00","2024-07-02 10:20:00",0.778202013189865,0.778202013189865,1120.61089899341,0.682859125607217,491.658570437196,0.873611111111111,629,0.526970954356846,126.473029045643,0.929460580912863,223.070539419087,0.950207468879668,228.04979253112,960,480,29040,1140,780,24960,50,14.21,17.5,39.0285714285714
"2024-06-30 10:05:00|Monitor26.txt|28","M26",28,"CS","Grp5_Box",25,"M","2024-06-30 10:05:00","2024-07-02 10:20:00",0.712252690038181,0.712252690038181,1025.64387365498,0.542678695350451,390.728660652325,0.881944444444444,635,0.257261410788382,61.7427385892116,0.983402489626556,236.016597510373,0.966804979253112,232.033195020747,1680,300,26400,4980,540,25680,45,16.2555555555556,12,56.375
"2024-06-30 10:05:00|Monitor26.txt|29","M26",29,"CS","Grp5_Box",25,"M","2024-06-30 10:05:00","2024-07-02 10:20:00",0.679972231863936,0.679972231863936,979.160013884068,0.563497571131159,405.718251214434,0.796527777777778,573.5,0.4149377593361,99.5850622406639,0.842323651452282,202.157676348548,0.883817427385892,212.116182572614,960,480,18720,2100,300,26340,53.5,14.0747663551402,19.5,33.5128205128205
"2024-06-30 10:05:00|Monitor26.txt|31","M26",31,"CS","Grp5_Box",25,"M","2024-06-30 10:05:00","2024-07-02 10:20:00",0.74175633460604,0.74175633460604,1068.1291218327,0.657876474670368,473.671061762665,0.825694444444444,594.5,0.381742738589212,91.6182572614108,0.900414937759336,216.099585062241,0.896265560165975,215.103734439834,1380,360,30540,3420,780,20040,40.5,17.7037037037037,17,39.8823529411765
"2024-06-30 10:05:00|Monitor26.txt|32","M26",32,"CS","Grp5_Box",25,"M","2024-06-30 10:05:00","2024-07-02 10:20:00",0.691773689691079,0.691773689691079,996.154113155154,0.551700208188758,397.224149895906,0.831944444444444,599,0.190871369294606,45.8091286307054,0.87551867219917,210.124481327801,0.908713692946058,218.091286307054,3720,300,19800,3840,360,31440,48.5,13.5257731958763,19,38.8947368421053
"2024-06-30 10:05:00|Monitor27.txt|01","M27",1,"CS","Grp10_Box",25,"M","2024-06-30 10:05:00","2024-07-02 10:20:00",0.83547379382159,0.83547379382159,1203.08226310309,0.777238029146426,559.611380985427,0.89375,643.5,0.514522821576763,123.485477178423,1,240,0.838174273858921,201.161825726141,1560,300,16020,2820,960,27120,33.5,20.6417910447761,11,65.0454545454545
"2024-06-30 10:05:00|Monitor27.txt|02","M27",2,"CS","Grp10_Box",25,"M","2024-06-30 10:05:00","2024-07-02 10:20:00",0.868101353696633,0.868101353696633,1250.06594932315,0.884802220680083,637.05759888966,0.851388888888889,613,0.933609958506224,224.066390041494,0.759336099585062,182.240663900415,0.854771784232365,205.145228215768,240,300,9180,420,2460,31980,24,29.4583333333333,18.5,37.4054054054054
"2024-06-30 10:05:00|Monitor27.txt|03","M27",3,"CS","Grp10_Box",25,"M","2024-06-30 10:05:00","2024-07-02 10:20:00",0.753210690732385,0.753210690732385,1084.62339465463,0.691880638445524,498.154059680777,0.814583333333333,586.5,0.605809128630705,145.394190871369,0.983402489626556,236.016597510373,0.767634854771784,184.232365145228,1980,600,11520,1560,300,15420,48,15.2083333333333,20.5,32.6829268292683
"2024-06-30 10:05:00|Monitor27.txt|04","M27",4,"CS","Grp10_Box",25,"M","2024-06-30 10:05:00","2024-07-02 10:20:00",0.545296771954183,0.545296771954183,785.227351614023,0.466342817487856,335.766828591256,0.624305555555556,449.5,0.219917012448133,52.7800829875519,0.763485477178423,183.236514522822,0.568464730290456,136.43153526971,6060,720,17160,5940,540,19980,41,16.9390243902439,24.5,29.6530612244898
"2024-06-30 10:05:00|Monitor27.txt|06","M27",6,"CS","Grp10_Box",25,"M","2024-06-30 10:05:00","2024-07-02 10:20:00",0.766053453661923,0.766053453661923,1103.11697327317,0.716863289382373,516.141568355309,0.815277777777778,587,0.464730290456432,111.535269709544,0.925311203319502,222.074688796681,0.867219917012448,208.132780082988,1680,600,31020,1980,360,17820,47,15.7234042553191,22,29.2954545454545
"2024-06-30 10:05:00|Monitor27.txt|07","M27",7,"CS","Grp10_Box",25,"M","2024-06-30 10:05:00","2024-07-02 10:20:00",0.747309961818813,0.747309961818813,1076.12634501909,0.767522553782096,552.616238723109,0.727083333333333,523.5,0.726141078838174,174.273858921162,0.825726141078838,198.174273858921,0.780082987551867,187.219917012448,1980,1020,24600,3780,360,12300,33,23.1515151515152,26,24.8269230769231
"2024-06-30 10:05:00|Monitor27.txt|08","M27",8,"CS","Grp10_Box",25,"M","2024-06-30 10:05:00","2024-07-02 10:20:00",0.845539743144741,0.845539743144741,1217.57723012843,0.793893129770992,571.603053435114,0.897222222222222,646,0.70954356846473,170.290456431535,0.987551867219917,237.01244813278,0.975103734439834,234.02489626556,180,900,7380,120,360,34920,46,15.3913043478261,9,76.7222222222222
"2024-06-30 10:05:00|Monitor27.txt|09","M27",9,"CS","Grp10_Box",25,"M","2024-06-30 10:05:00","2024-07-02 10:20:00",0.735161402290871,0.735161402290871,1058.63241929885,0.620402498265094,446.689798750867,0.85,612,0.319502074688797,76.6804979253112,0.91701244813278,220.082987551867,0.900414937759336,216.099585062241,4140,660,12240,5700,300,17880,38.5,18.5454545454545,32.5,20.2307692307692
"2024-06-30 10:05:00|Monitor27.txt|10","M27",10,"CS","Grp10_Box",25,"M","2024-06-30 10:05:00","2024-07-02 10:20:00",0.738632419298855,0.738632419298855,1063.63068379035,0.660652324774462,475.669673837613,0.816666666666667,588,0.464730290456432,111.535269709544,0.925311203319502,222.074688796681,0.87551867219917,210.124481327801,2400,720,12480,1080,660,22380,48.5,14.5773195876289,30.5,22.0983606557377
"2024-06-30 10:05:00|Monitor27.txt|11","M27",11,"CS","Grp10_Box",25,"M","2024-06-30 10:05:00","2024-07-02 10:20:00",0.749739673724401,0.749739673724401,1079.62513016314,0.656488549618321,472.671755725191,0.843055555555556,607,0.365145228215768,87.6348547717842,0.863070539419087,207.136929460581,0.867219917012448,208.132780082988,6000,480,12540,2580,1800,11820,38,19.5657894736842,13,51.8846153846154
"2024-06-30 10:05:00|Monitor27.txt|12","M27",12,"CS","Grp10_Box",25,"M","2024-06-30 10:05:00","2024-07-02 10:20:00",0.738285317598056,0.738285317598056,1063.1308573412,0.714781401804303,514.642609299098,0.761805555555556,548.5,0.365145228215768,87.6348547717842,0.663900414937759,159.336099585062,0.925311203319502,222.074688796681,4980,420,17580,2160,300,20460,43,17.2209302325581,32,19.578125
"2024-06-30 10:05:00|Monitor27.txt|13","M27",13,"CS","Grp10_Box",25,"M","2024-06-30 10:05:00","2024-07-02 10:20:00",0.730996181881291,0.730996181881291,1052.63450190906,0.652324774462179,469.673837612769,0.809722222222222,583,0.385892116182573,92.6141078838174,0.867219917012448,208.132780082988,0.721991701244813,173.278008298755,2100,300,18000,1920,420,13680,46.5,14.9784946236559,24,29.1458333333333
"2024-06-30 10:05:00|Monitor27.txt|14","M27",14,"CS","Grp10_Box",25,"M","2024-06-30 10:05:00","2024-07-02 10:20:00",0.90836515098924,0.90836515098924,1308.04581742451,0.904927133934768,651.547536433033,0.911805555555556,656.5,0.91701244813278,220.082987551867,0.970954356846473,233.029045643154,1,240,480,3900,16500,780,960,31680,18,39.5,9,79.6666666666667
"2024-06-30 10:05:00|Monitor27.txt|15","M27",15,"CS","Grp10_Box",25,"M","2024-06-30 10:05:00","2024-07-02 10:20:00",0.658451926414439,0.658451926414439,948.170774036793,0.614156835530881,442.192921582235,0.702777777777778,506,0.269709543568465,64.7302904564315,0.742738589211618,178.257261410788,0.871369294605809,209.128630705394,4380,420,28800,1740,480,14880,50.5,14.960396039604,26.5,23.4905660377358
"2024-06-30 10:05:00|Monitor27.txt|16","M27",16,"CS","Grp10_Box",25,"M","2024-06-30 10:05:00","2024-07-02 10:20:00",0.778896216591461,0.778896216591461,1121.6105518917,0.680777238029146,490.159611380985,0.877083333333333,631.5,0.398340248962656,95.6016597510373,0.871369294605809,209.128630705394,0.912863070539419,219.087136929461,60,660,26340,1260,300,7860,53,13.1037735849057,20,34.2
"2024-06-30 10:05:00|Monitor27.txt|17","M27",17,"CS","Grp10_Box",25,"M","2024-06-30 10:05:00","2024-07-02 10:20:00",0.713641096841375,0.713641096841375,1027.64317945158,0.643303261623872,463.178348369188,0.784027777777778,564.5,0.564315352697095,135.435684647303,0.970954356846473,233.029045643154,0.904564315352697,217.095435684647,2940,300,23640,360,300,25080,48,14.9375,22,31.1136363636364
"2024-06-30 10:05:00|Monitor27.txt|18","M27",18,"CS","Grp10_Box",25,"M","2024-06-30 10:05:00","2024-07-02 10:20:00",0.683790350572718,0.683790350572718,984.658104824714,0.488549618320611,351.75572519084,0.879166666666667,633,0.33195020746888,79.6680497925311,0.929460580912863,223.070539419087,0.904564315352697,217.095435684647,3900,300,12480,6300,600,21060,47,15.3510638297872,20.5,33.0243902439024
"2024-06-30 10:05:00|Monitor27.txt|19","M27",19,"CS","Grp10_Box",25,"M","2024-06-30 10:05:00","2024-07-02 10:20:00",0.73967372440125,0.73967372440125,1065.1301631378,0.655794587092297,472.172102706454,0.823611111111111,593,0.45643153526971,109.54356846473,0.896265560165975,215.103734439834,0.946058091286307,227.053941908714,900,300,19680,2940,480,19860,50.5,14.019801980198,24,28.0625
"2024-06-30 10:05:00|Monitor27.txt|20","M27",20,"CS","Grp10_Box",25,"M","2024-06-30 10:05:00","2024-07-02 10:20:00",0.768483165567511,0.768483165567511,1106.61575841722,0.666204024982651,479.666897987509,0.870833333333333,627,0.883817427385892,212.116182572614,0.962655601659751,231.03734439834,0.991701244813278,238.008298755187,0,540,660,960,780,26160,54,13.7685185185185,8,79.875
"2024-06-30 10:05:00|Monitor27.txt|21","M27",21,"CS","Grp10_Box",25,"M","2024-06-30 10:05:00","2024-07-02 10:20:00",0.839986115931968,0.839986115931968,1209.58000694203,0.83206106870229,599.083969465649,0.847916666666667,610.5,0.738589211618257,177.261410788382,0.900414937759336,216.099585062241,0.908713692946058,218.091286307054,720,420,21420,840,1800,11460,36,19.1666666666667,16,45
"2024-06-30 10:05:00|Monitor27.txt|23","M27",23,"CS","Grp10_Box",25,"M","2024-06-30 10:05:00","2024-07-02 10:20:00",0.679278028462339,0.679278028462339,978.160360985769,0.60235947258848,433.698820263706,0.75625,544.5,0.79253112033195,190.207468879668,0.83402489626556,200.165975103734,0.821576763485477,197.178423236515,480,900,15540,1260,360,30960,44.5,17.4157303370787,27.5,22.9090909090909
"2024-06-30 10:05:00|Monitor27.txt|24","M27",24,"CS","Grp10_Box",25,"M","2024-06-30 10:05:00","2024-07-02 10:20:00",0.693856299895869,0.693856299895869,999.153071850052,0.571131158917419,411.214434420541,0.816666666666667,588,0.45643153526971,109.54356846473,0.871369294605809,209.128630705394,0.975103734439834,234.02489626556,540,360,10500,4980,840,18300,53,13.3584905660377,29.5,23.2033898305085
"2024-06-30 10:05:00|Monitor27.txt|25","M27",25,"CS","Grp10_Box",25,"M","2024-06-30 10:05:00","2024-07-02 10:20:00",0.759805623047553,0.759805623047553,1094.12009718848,0.716863289382373,516.141568355309,0.802777777777778,578,0.460580912863071,110.539419087137,0.921161825726141,221.078838174274,0.879668049792531,211.120331950207,4440,720,16560,3540,300,23520,33.5,22.1492537313433,25,26.24
"2024-06-30 10:05:00|Monitor27.txt|27","M27",27,"CS","Grp10_Box",25,"M","2024-06-30 10:05:00","2024-07-02 10:20:00",0.801457827143353,0.801457827143353,1154.09927108643,0.686328938237335,494.156835530881,0.916666666666667,660,0.580912863070539,139.419087136929,0.925311203319502,222.074688796681,0.925311203319502,222.074688796681,780,360,10980,3960,480,13920,46,15.2391304347826,9.5,73.8947368421053
"2024-06-30 10:05:00|Monitor27.txt|28","M27",28,"CS","Grp10_Box",25,"M","2024-06-30 10:05:00","2024-07-02 10:20:00",0.832696980215203,0.832696980215203,1199.08365150989,0.776544066620403,559.11172796669,0.888888888888889,640,0.705394190871369,169.294605809129,0.95850622406639,230.041493775934,0.95850622406639,230.041493775934,240,660,23820,720,600,27660,41.5,17.2168674698795,8,85.6875
"2024-06-30 10:05:00|Monitor27.txt|29","M27",29,"CS","Grp10_Box",25,"M","2024-06-30 10:05:00","2024-07-02 10:20:00",0.651509892398473,0.651509892398473,938.174245053801,0.596113809854268,429.201943095073,0.706944444444444,509,0.145228215767635,34.8547717842324,0.730290456431535,175.269709543568,0.858921161825726,206.141078838174,2520,300,19080,1500,480,18120,48.5,15.0618556701031,39.5,16.6075949367089
"2024-06-30 10:05:00|Monitor27.txt|30","M27",30,"CS","Grp10_Box",25,"M","2024-06-30 10:05:00","2024-07-02 10:20:00",0.560222145088511,0.560222145088511,806.719888927456,0.484385843164469,348.757807078418,0.636111111111111,458,0.265560165975104,63.7344398340249,0.780082987551867,187.219917012448,0.717842323651452,172.282157676349,4260,300,16500,7980,600,26520,46.5,17.6451612903226,30.5,19.1639344262295
"2024-06-30 10:05:00|Monitor27.txt|32","M27",32,"CS","Grp10_Box",25,"M","2024-06-30 10:05:00","2024-07-02 10:20:00",0.80839986115932,0.80839986115932,1164.09580006942,0.744621790423317,536.127689104788,0.872222222222222,628,0.767634854771784,184.232365145228,0.946058091286307,227.053941908714,0.755186721991701,181.244813278008,0,300,16380,900,420,9120,45,16.0777777777778,12,57.2916666666667
